ProvinceID,DistrictID,DistrictName,DistrictNameEng,PostCode,AutoID
102,000270,เมืองสมุทรปราการ,Muang Samutprakan,10270,270
102,001541,บางเสาธง,Bangsaothong,10540,1541
102,003560,บางบ่อ,Bang  Bo,10560,3560
102,004540,บางพลี,Bangphli,10540,4540
102,006130,พระประแดง,Phra Pradaeng,10130,6130
102,007290,พระสมุทรเจดีย์,Phra Samut Chedi,10290,7290
106,001320,ห้วยขวาง,Huaykhwang,10310,1320
106,004069400,พญาไท,Phayatai,10400,4069400
106,010,คลองเตย,Klongtoey,10110,10
106,011600,คลองสาน,Klongsan,10600,11600
106,012511,คลองสามวา,Klongsamwar,10510,12511
106,013,คันนายาว,Kannayao,10230,13
106,014900,จตุจักร,Chatuchak,10900,14900
106,015151,จอมทอง,Chom Thong,10150,15151
106,019210,ดอนเมือง,Don Mueang,10210,19210
106,020X01,ดินแดง,Dindaeng,10400,1000
106,021300,ดุสิต,Dusit,10300,21300
106,023170,ตลิ่งชัน,Taling Chan,10170,23170
106,024141,ทุ่งครุ,thung khru,10140,24141
106,025171,ทวีวัฒนา,Thawiwatthana,10170,25171
106,028601,ธนบุรี,Thonburi,10600,28601
106,029240,บางกะปิ,Bangkapi,10240,29240
106,031700,บางกอกน้อย,Bangkok Noi,10700,31700
106,032602,บางกอกใหญ่,Bangkok Yai,10600,32602
106,034150,บางขุนเทียน,Bang Khun Thian,10150,34150
106,038221,บางเขน,Bangkhen,10220,38221
106,039121,บางคอแหลม,Bangkholaem,10120,39121
106,040041162,บางแค,Bangkhae,10160,40041162
106,043800,บางซื่อ,Bang Sue,10800,43800
106,044261,บางนา,Bangna,10260,44261
106,046152,บางบอน,Bang Bon,10150,46152
106,049,บางพลัด,Bangprad,10700,49
106,056500,บางรัก,Bangrak,10500,56500
106,061241,บึงกุ่ม,Buengkum,10240,61241
106,064330,ปทุมวัน,Pathumwan,10330,64330
106,065250,ประเวศ,Prawet,10250,65250
106,066,ป้อมปราบศัตรูพ่าย,Pomprapsattruphai,10100,66
106,070260,พระโขนง,Phrakanong,10260,70260
106,071200,พระนคร,Phra Nakhon,10200,71200
106,075160,ภาษีเจริญ,Pasicharoen,10160,75160
106,078510,มีนบุรี,Minburi,10510,78510
106,079120,ยานนาวา,Yannawa,10120,79120
106,080140,ราษฎร์บูรณะ,Ratburana,10140,80140
106,082401,ราชเทวี,Rajthevee,10400,82401
106,084230,ลาดพร้าว,Ladprao,10230,84230
106,088231,วังทองหลาง,Wangtonglang,10310,88231
106,090902,วัฒนา,Wattana,10110,90902
106,095122,สาทร,Sathorn,10120,95122
106,096251,สวนหลวง,Suanluang,10250,96251
106,097,สะพานสูง,Saphansung,10240,97
106,099,สัมพันธวงศ์,Sampantawong,10100,99
106,101222,สายไหม,Saimai,10220,101222
106,106001,"บางรัก,สาทร(บางรัก)","Bangrak,Sathorn(Bangrak)",10500,NULL
106,1081,*บ้านทะวาย,หนอกจอก,NULL,1081
106,109161,หนองแขม,Nong  Khaem,10160,109161
106,111530,หนองจอก,Nong  Chok,10530,111530
106,113901,หลักสี่,Laksi,10210,113901
106,40041163,บางโพงพาง,Bangpongpang,NULL,40041163
106,40041164,ห้วยขวาง(บางซื่อ),NULL,NULL,40041164
106,40041165,แสนแสบ,San Sab,NULL,NULL
106,52083,ลาดกระบัง,Ladkrabang,10520,999
110,000100,เมืองนนทบุรี,Mueang Nonthaburi,11000,100
110,002150,ไทรน้อย,Sai Noi,11150,2150
110,003110,บางบัวทอง,Bang Bua Thong,11110,3110
110,004,บางกรวย,Bang Kruai,11130,4
110,008141,บางใหญ่,BangYai,11140,8141
110,009120,ปากเกร็ด,Pak Kret,11120,9120
110,1251,เทศบาลนครนนทบุรี (สาขาแขวงท่าทราย)*,Nonthaburi,NULL,1251
110,1297,เทศบาลเมืองปากเกร็ด*,Pak Kret,11000,1297
110,9121,บางกรวย (บางใหญ่),NULL,NULL,NULL
120,000,เมืองปทุมธานี,Mueang Pathum Thani,12000,0
120,001120,คลองหลวง,Khlong Luang,12120,1120
120,002,ลำลูกกา (สาขาตำบลคูคต)*,Khu Khot,12150,2
120,003110,ธัญบุรี,Thanyaburi,12110,3110
120,004140,ลาดหลุมแก้ว,Lat Lum Kaeo,12140,4140
120,005150,ลำลูกกา,Lum Luk Ka,12150,5150
120,006160,สามโคก,Sam Khok,12160,6160
120,170,หนองเสือ,Nong Suea,12170,170
130,000,พระนครศรีอยุธยา,Phra Nakhon Si Ayutthaya,13000,0
130,001130,ท่าเรือ,Tha Ruea,13130,1130
130,002260,นครหลวง,Nakhon Luang,13260,2260
130,003270,บางซ้าย,Bang Sai,13270,3270
130,004190,บางไทร,Bang  Sai,13190,4190
130,005160,บางปะอิน,Bang Pa-in,13160,5160
130,006120,ผักไห่,Phak  Hai,13120,6120
130,007140,ภาชี,Pache,13140,7140
130,008150,มหาราช,Maha  Rat,13150,8150
130,010230,ลาดบัวหลวง,Lat Bua Luang,13230,10230
130,012170,วังน้อย,Wang  Noi,13170,12170
130,013110,เสนา,Sena,13110,13110
130,014210,อุทัย,Uthai,13210,14210
130,220,บางปะหัน,Bang  Pahan,13220,220
130,240,บ้านแพรก,Ban Phraek,13240,240
130,250,บางบาล,Bang  Ban,13250,250
140,000,เมืองอ่างทอง,Mueang Ang Thong,14000,0
140,001140,ไชโย,Chaiyo,14140,1140
140,002130,ป่าโมก,Pa Mok,14130,2130
140,003120,โพธิ์ทอง,Pho  Thong,14120,3120
140,005110,วิเศษชัยชาญ,Wiset Chai Chan,14110,5110
140,150,แสวงหา,Sawaeng Ha,14150,150
140,160,สามโก้,Samko,14160,160
150,000,เมืองลพบุรี,Mueang Lop Buri,15000,0
150,001250,โคกเจริญ,Khok  Charoen,15250,1250
150,002120,โคกสำโรง,Khok Samrong,15120,2120
150,003130,ชัยบาดาล,Chai Badan,15130,3130
150,004150,ท่าวุ้ง,Tha Wung,15150,4150
150,005110,บ้านหมี่,Ban Mi,15110,5110
150,007140,พัฒนานิคม,Phatthana Nikhom,15140,7140
150,008240,สระโบสถ์,Sa Bot,15240,8240
150,009170,หนองม่วง,Nong Muang,15170,9170
150,1681,*บ้านเช่า,NULL,NULL,1681
150,190,ลำสนธิ,Lam  Sonthi,15190,190
150,230,ท่าหลวง,Tha Luang,15230,230
160,000,เมืองสิงห์บุรี,Mueang Sing Buri,16000,0
160,001140,ท่าช้าง,Tha  Chang,16140,1140
160,002130,บางระจัน,Bang Rachan,16130,2130
160,003120,พรหมบุรี,Phrom Buri,16120,3120
160,004110,อินทร์บุรี,In Buri,16110,4110
160,150,ค่ายบางระจัน,Khai Bang Rachan,16130,150
170,000,เมืองชัยนาท,Mueang Chai Nat,17000,0
170,005110,มโนรมย์,Manorom,17110,5110
170,006120,วัดสิงห์,Wat Sing,17120,6120
170,007150,สรรพยา,Sapphaya,17150,7150
170,008030,หันคา,Hankha,17130,8030
170,121,หนองมะโมง,Nong Mamong,17120,121
170,131,เนินขาม,Noen Kham,17130,131
170,140,สรรคบุรี,Sankhaburi,17140,140
180,000,เมืองสระบุรี,Mueang Saraburi,18000,0
180,001210,ดอนพุด,Don Phut,18210,1210
180,002110,แก่งคอย,Kaeng Khoi,18110,2110
180,003130,บ้านหมอ,Ban Mo,18130,3130
180,004120,พระพุทธบาท,Phra Phutthabat,18120,4120
180,006180,มวกเหล็ก,Muak Lek,18180,6180
180,007150,วิหารแดง,Wihan Daeng,18150,7150
180,008160,เสาไห้,Sao Hai,18160,8160
180,009140,หนองแค,Nong  Khaen,18140,9140
180,010170,หนองแซง,Nong Saeng,18170,10170
180,190,หนองโดน,Nong Don,18190,190
180,1913,เฉลิมพระเกียรติ,Chaloem Phra Kiat,18000,1913
180,220,วังม่วง,Wang  Muang,18220,220
200,000,เมืองชลบุรี,Mueang Chon Buri,20000,0
200,001270,บ่อทอง,Bo Thong,20270,1270
200,003150,บางละมุง,Banglamong,20150,3150
200,004170,บ้านบึง,Ban Bueng,20170,4170
200,005140,พนัสนิคม,Phanat Nikhom,20140,5140
200,006160,พานทอง,Phan Thong,20160,6160
200,007110,ศรีราชา,Si Racha,20110,7110
200,008180,สัตหีบ,Sattahip,20180,8180
200,010190,หนองใหญ่,Nong  Yai,20190,10190
200,120,เกาะสีชัง,Ko Sichang,20120,120
200,2051,สัตหีบ (สาขาตำบลบางเสร่)*,Sattahip,20180,2051
200,2072,ท้องถิ่นเทศบาลเมืองหนองปรือ*,Nong Prue,NULL,2072
200,2093,เทศบาลตำบลแหลมฉบัง*,NULL,NULL,2093
200,2099,เทศบาลเมืองชลบุรี*,Mueang Chon Buri,NULL,2099
200,240,เกาะจันทร์,Ko Chan,20240,240
210,000,เมืองระยอง,Mueang Rayong,21000,0
210,001110,แกลง,Klaeng,21110,1110
210,002180,นิคมพัฒนา,Nikhom Phatthana,21180,2180
210,003130,บ้านฉาง,Ban Chang,21130,3130
210,004120,บ้านค่าย,Ban  Khai,21120,4120
210,005140,ปลวกแดง,Pluak Daeng,21140,5140
210,006210,วังจันทร์,Wang Chan,21210,6210
210,111,เขาชะเมา,Khao Chamao,21110,111
210,2151,สาขาตำบลมาบข่า*,Map Kha,NULL,2151
220,000,เมืองจันทบุรี,Mueang Chanthaburi,22000,0
220,001110,ขลุง,Khlung,22110,1110
220,002120,ท่าใหม่,Tha Mai,22120,2120
220,003162,นายายอาม,Na Yai Am,22160,3162
220,004150,มะขาม,Makham,22150,4150
220,005180,สอยดาว,Soi Dao,22180,5180
220,130,แหลมสิงห์,Laem Sing,22130,130
220,140,โป่งน้ำร้อน,Pong Nam  Ron,22140,140
220,160161,แก่งหางแมว,Kaeng Hang Maeo,22160,160161
220,210,เขาคิชฌกูฏ,เขาคิชณกูฏ,22210,210
220,2281,*กิ่ง กำพุธ,NULL,NULL,2281
230,000,เมืองตราด,Mueang Trat,23000,0
230,001120,แหลมงอบ,Laem Ngop,23120,1120
230,110,คลองใหญ่,Khlong  Yai,23110,110
230,121,เกาะช้าง,Ko Chang,23120,121
230,130,เขาสมิง,Khao Saming,23130,130
230,140,บ่อไร่,Bo Rai,23140,140
230,150,เกาะกูด,Ko Kut,23000,150
240,000,เมืองฉะเชิงเทรา,Mueang Chachoengsao,24000,0
240,001,คลองเขื่อน,Khlong Khuean,24000,1
240,002110,บางคล้า,Bang Khla,24110,2110
240,003150,บางน้ำเปรี้ยว,Bang Nam Priao,24150,3150
240,004130,บางปะกง,Bang Pakong,24130,4130
240,005140,บ้านโพธิ์,Ban Pho,24140,5140
240,006120,พนมสารคาม,Phanom Sarakham,24120,6120
240,007160,สนามชัยเขต,Sanam Chai Khet,24160,7160
240,121,ราชสาส์น,Ratchasan,24120,121
240,161,ท่าตะเกียบ,Tha Takiab,24160,161
240,190,แปลงยาว,Plaeng Yao,24190,190
250,000,เมืองปราจีนบุรี,Mueang Prachin Buri,25000,0
250,001110,กบินทร์บุรี,Kabin Buri,25110,1110
250,002X14,*คลองหาด,Khlong Hat,NULL,999
250,003220,นาดี,Na   Di,25220,3220
250,004150,บ้านสร้าง,Ban Sang,25150,4150
250,005130,ประจันตคาม,Prachantakham,25130,5130
250,006140,ศรีมหาโพธิ,Si Maha Pho,25140,6140
250,007,*สระแก้ว,Sa Kaeo,NULL,7
250,008,*อรัญประเทศ,Aranyaprathet,NULL,8
250,160,*วัฒนานคร,Watthana Nakhon,NULL,160
250,190,ศรีมโหสถ,Si Mahosot,25190,190
250,2505,*วังน้ำเย็น,Wang Nam Yen,NULL,2505
250,2511,*ตาพระยา,Ta Phraya,NULL,2511
260,000,เมืองนครนายก,Mueang Nakhon Nayok,26000,0
260,001110,บ้านนา,Ban  Na,26110,1110
260,002130,ปากพลี,Pak Phli,26130,2130
260,003120,องครักษ์,Ongkharak,26120,3120
270,000,เมืองสระแก้ว,Mueang Sa Kaeo,27000,0
270,001,เขาฉกรรจ์,Khao Chakan,27000,1
270,004210,วังน้ำเย็น,Wang Nam Yen,27210,4210
270,120,อรัญประเทศ,Aranyaprathet,27120,120
270,121,โคกสูง,Khok  Sung,27120,121
270,160,วัฒนานคร,Watthana Nakhon,27160,160
270,180,ตาพระยา,Ta Phraya,27180,180
270,250,วังสมบูรณ์,Wang Sombun,27250,250
270,260,คลองหาด,Khlong Hat,27260,260
300,000,เมืองนครราชสีมา,Mueang Nakhon Ratchasima,30000,0
300,002280,ขามทะเลสอ,Kham Thale So,30280,2280
300,003260,คง,Khong,30260,3260
300,004250,ครบุรี,Khon Buri,30250,4250
300,005230,จักราช,Chakkarat,30230,5230
300,006270,ชุมพวง,Chum Phuang,30270,6270
300,007190,โชคชัย,Chok Chai,30190,7190
300,008210,ด่านขุนทด,Dan Khun Thot,30210,8210
300,009360,โนนแดง,Non  Daeng,30360,9360
300,010220,โนนไทย,Non Thai,30220,10220
300,011160,โนนสูง,Non   Sung,30160,11160
300,013,บัวใหญ่,Bua  Yai,30120,13
300,014350,บ้านเหลื่อม,Ban Lueam,30350,14350
300,015180,ประทาย,Prathai,30180,15180
300,016150,ปักธงชัย,Pak Thong Chai,30150,16150
300,017130,ปากช่อง,Pak Chong,30130,17130
300,018110,พิมาย,Phimai,30110,18110
300,019370,วังน้ำเขียว,Wang Nam Khiao,30370,19370
300,120140,สีคิ้ว,Sikhio,30140,120140
300,121170,สูงเนิน,Sung Noen,30170,121170
300,122330,เสิงสาง,Soeng Sang,30330,122330
300,123240,ห้วยแถลง,Huai Thalaeng,30240,123240
300,211,เทพารักษ์,Thepharak,30210,211
300,221,พระทองคำ,Phra Thong Kham,30220,221
300,231,เฉลิมพระเกียรติ,Chaloem Phra Kiat,30230,231
300,271,เมืองยาง,Mueang Yang,30270,271
300,272,ลำทะเมนชัย,Lam Thamenchai,30270,272
300,290,ขามสะแกแสง,Kham Sakaesaeng,30290,290
300,3030,บัวลาย,Bua Lai,30120,3030
300,3049,ท้องถิ่นเทศบาลตำบลโพธิ์กลาง*,Pho  Klang,NULL,3049
300,3051,สาขาตำบลมะค่า-พลสงคราม*,Makha - Phon  Songkhram,NULL,3051
300,3081,*โนนลาว,NULL,NULL,3081
300,410,หนองบุญมาก,หนองบุนมาก,30410,410
300,430,สีดา,Sida,30430,430
300,440,แก้งสนามนาง,Kaeng Sanam Nang,30440,440
310,000,เมืองบุรีรัมย์,Mueang Buri Ram,31000,0
310,001160,กระสัง,Krasang,31160,1160
310,002190,คูเมือง,Khu  Mueang,31190,2190
310,003113,เฉลิมพระเกียรติ,Chaloem Phra Kiat,31110,3113
310,004110,นางรอง,Nang Rong,31110,4110
310,006180,บ้านกรวด,Ban Kruat,31180,6180
310,008140,ประโคนชัย,Prakhon Chai,31140,8140
310,009220,ปะคำ,Pakham,31220,9220
310,010121,พุทไธสง,Phutthaisong,31120,10121
310,011130,ลำปลายมาศ,Lam Plai Mat,31130,11130
310,012150,สตึก,Satuek,31150,12150
310,013210,หนองกี่,Nong Ki,31210,13210
310,014,ห้วยราช,Huai Rat,31000,14
310,111,ชำนิ,Chamni,31110,111
310,112,โนนสุวรรณ,Non Suwan,31110,112
310,120,บ้านใหม่ไชยพจน์,Ban Mai Chaiyapot,31120,120
310,151,แคนดง,Khaen Dong,31150,151
310,170,ละหานทราย,Lahan Sai,31170,170
310,230,นาโพธิ์,Na  Pho,31230,230
310,240,หนองหงส์,Nong  Hong,31240,240
310,250,พลับพลาชัย,Phlapphla Chai,31250,250
310,260X12,โนนดินแดง,Non Din Daeng,31260,999
310,3121,บ้านด่าน,Ban Dan,31000,3121
320,000,เมืองสุรินทร์,Mueang Surin,32000,0
320,001210,กาบเชิง,Kap Choeng,32210,1210
320,002180,จอมพระ,Chom Phra,32180,2180
320,003190,ชุมพลบุรี,Chumphon Buri,32190,3190
320,004120,ท่าตูม,Tha Tum,32120,4120
320,005140X09,ปราสาท,Prasat,32140,999
320,006130,รัตนบุรี,Rattanaburi,32130,6130
320,007110,ศีขรภูมิ,Sikhoraphum,32110,7110
320,008160,สนม,Sanom,32160,8160
320,009150,สังขะ,Sangkha,32150,9150
320,131,โนนนารายณ์,Non Narai,32130,131
320,141,พนมดงรัก,Phanom Dong Rak,32140,141
320,151,ศรีณรงค์,Si Narong,32150,151
320,170,สำโรงทาบ,Samrong Thap,32170,170
320,220,ลำดวน,Lamduan,32220,220
320,230,บัวเชด,Buachet,32230,230
320,3216,เขวาสินรินทร์,Khwao Sinrin,32000,3216
330,000,เมืองศรีสะเกษ,Mueang Si Sa Ket,33000,0
330,001110,กันทรลักษ์,Kantharalak,33110,1110
330,002130,กันทรารมย์,Kantharom,33130,2130
330,003140,ขุขันธ์,Khukhan,33140,3140
330,004150,ขุนหาญ,Khun Han,33150,4150
330,005111,เบญจลักษ์,Benchalak,33110,5111
330,006141,ภูสิงห์,Phu Sing,33140,6141
330,007160,ราษีไศล,Rasi Salai,33160,7160
330,008120,อุทุมพรพิสัย,Uthumphon Phisai,33120,8120
330,121,โพธิ์ศรีสุวรรณ,Pho Si Suwan,33120,121
330,122,เมืองจันทร์,Mueang Chan,33120,122
330,131,น้ำเกลี้ยง,Nam  Kliang,33130,131
330,161,ศิลาลาด,Sila Lat,33160,161
330,170,ปรางค์กู่,Prang Ku,33170,170
330,180,ไพรบึง,Phrai Bueng,33180,180
330,190,ยางชุมน้อย,Yang Chum Noi,33190,190
330,210,ห้วยทับทัน,Huai Thap Than,33210,210
330,220,บึงบูรพ์,Bueng  Bun,33220,220
330,230,พยุห์,Phayu,33230,230
330,240,ศรีรัตนะ,Si Rattana,33240,240
330,250,โนนคูณ,Non Khun,33250,250
330,270,วังหิน,Wang Hin,33270,270
340,000,เมืองอุบลราชธานี,Mueang Ubon Ratchathani,34000,0
340,001360,สำโรง,Samrong,34360,1360
340,002191,สว่างวีระวงศ์,Sawang Wirawong,34190,2191
340,003170,เขมราฐ,Khemarat,34170,3170
340,004150,เขื่องใน,Khueang Nai,34150,4150
340,005160,เดชอุดม,Det Udom,34160,5160
340,006130,ตระการพืชผล,Trakan Phuet Phon,34130,6130
340,007163,นาเยีย,Na Yia,34160,7163
340,008,*พนา,Phana,NULL,8
340,009110,พิบูลมังสาหาร,Phibun Mangsahan,34110,9110
340,010190,วารินชำราบ,Warin Chamrap,34190,10190
340,011250,ศรีเมืองใหม่,Si Mueang Mai,34250,11250
340,012,*เสนางคนิคม,Senangkhanikhom,NULL,12
340,013,เหล่าเสือโก้ก,Lao Suea Kok,34000,13
340,140,ม่วงสามสิบ,Muang Sam Sip,34140,140
340,161,ทุ่งศรีอุดม,Thung Si Udom,34160,161
340,171,นาตาล,Na  Tan,34170,171
340,220,โขงเจียม,Khong Chiam,34220,220
340,230,บุณฑริก,Buntharik,34230,230
340,260,น้ำยืน,Nam Yuen,34260,260
340,261,น้ำขุ่น,Nam Khun,34260,261
340,270,กุดข้าวปุ้น,Kut Khaopun,34270,270
340,280,นาจะหลวย,Na Chaluai,34280,280
340,330,ตาลสุม,Tan Sum,34330,330
340,340,โพธิ์ไทร,Pho   Sai,34340,340
340,3416,*อำนาจเจริญ,Amnat Charoen,NULL,3416
340,3418,*หัวตะพาน,Hua Taphan ,NULL,3418
340,3423,*กิ่งลืออำนาจ,Lue Amnat,NULL,3423
340,3424,ดอนมดแดง,Don Mot Daeng,34000,3424
340,3427,*ปทุมราชวงศา,Pathum Ratchawongsa,NULL,3427
340,3428,*กิ่งศรีหลักชัย,NULL,NULL,3428
340,3481,*สุวรรณวารี,NULL,NULL,3481
340,350,สิรินธร,Sirindhorn,34350,350
340,X13,*ชานุมาน,Chanuman,NULL,999
350,000,เมืองยโสธร,Mueang Yasothon,35000,0
350,001121,ไทยเจริญ,Thai Charoen,35120,1121
350,002140,กุดชุม,Kut   Chum,35140,2140
350,003160,ค้อวัง,Kho Wang,35160,3160
350,004110,คำเขื่อนแก้ว,Kham Khuean Kaeo,35110,4110
350,005170,ทรายมูล,Sai Mun,35170,5170
350,006150,ป่าติ้ว,Pa Tio,35150,6150
350,007130,มหาชนะชัย,Maha Chana Chai,35130,7130
350,008120,เลิงนกทา,Loeng Nok Tha,35120,8120
360,000,เมืองชัยภูมิ,Mueang Chaiyaphum,36000,0
360,001120,เกษตรสมบูรณ์,Kaset Sombun,36120,1120
360,002150,แก้งคร้อ,Kaset Sombun,36150,2150
360,003180,คอนสาร,Khon San,36180,3180
360,004230,เทพสถิต,Thep Sathit,36230,4230
360,005131,เนินสง่า,Noen Sa-nga,36130,5131
360,006170,บ้านเขว้า,Ban Khwao,36170,6170
360,007190,บ้านแท่น,Ban Thaen,36190,7190
360,008260,ภักดีชุมพล,Phakdi Chumphon,36260,8260
360,009110,ภูเขียว,Phu Khiao,36110,9110
360,130,จัตุรัส,Chatturat,36130,130
360,132,ซับใหญ่,Sap Yai,36130,132
360,140,คอนสวรรค์,Khon Sawan,36140,140
360,160,บำเหน็จณรงค์,Bamnet Narong,36160,160
360,210,หนองบัวแดง,Nong Bua Daeng,36210,210
360,250,หนองบัวระเหว,Nong Bua Rawe,36250,250
360,3651,เมืองชัยภูมิ (สาขาตำบลโนนสำราญ)*,Mueang Chaiyaphum,NULL,3651
360,3652,สาขาตำบลบ้านหว่าเฒ่า*,NULL,NULL,3652
360,3653,หนองบัวแดง (สาขาตำบลวังชมภู)*,Nong Bua Daeng,36210,3653
360,3654,กิ่งซับใหญ่ (สาขาตำบลซับใหญ่)*,Sap Yai,36130,3654
360,3655,สาขาตำบลโคกเพชร*,Khok  Phet,NULL,3655
360,3656,เทพสถิต (สาขาตำบลนายางกลัก)*,Thep Sathit,36230,3656
360,3657,บ้านแท่น (สาขาตำบลบ้านเต่า)*,Ban Thaen,NULL,3657
360,3658,แก้งคร้อ (สาขาตำบลท่ามะไฟหวาน)*,Kaeng Khro,36150,3658
360,3659,คอนสาร (สาขาตำบลโนนคูณ)*,Khon San,36180,3659
370,000,เมืองอำนาจเจริญ,Mueang Amnat Charoen,37000,0
370,001,ลืออำนาจ,Lue Amnat,37000,1
370,110,ปทุมราชวงศา,Pathum Ratchawongsa,37110,110
370,180,พนา,Phana,37180,180
370,210,ชานุมาน,Chanuman,37210,210
370,240,หัวตะพาน,Hua Taphan ,37240,240
370,290,เสนางคนิคม,Senangkhanikhom,37290,290
390,000,เมืองหนองบัวลำภู,Mueang Nong Bua Lam Phu,39000,0
390,140,โนนสัง,Non Sang,39140,140
390,170,นากลาง,Na  Klang,39170,170
390,171,นาวัง,Na Wang,39170,171
390,180,ศรีบุญเรือง,Si Bun Rueang,39180,180
390,270,สุวรรณคูหา,Suwannakhuha,39270,270
400,000,เมืองขอนแก่น,Mueang Khon Kaen,40000,0
400,001170,กระนวน,Kranuan,40170,1170
400,002280,เขาสวนกวาง,Khao Suan Kwang,40280,2280
400,003180,ชนบท,Chonnabot,40180,3180
400,004130,ชุมแพ,Chum Phae,40130,4130
400,005110,บ้านไผ่,Ban Phai,40110,5110
400,006270,บ้านฝาง,Ban  Fang,40270,6270
400,007320,พระยืน,Phra Yuen,40320,7320
400,008120,พล,Phon,40120,8120
400,009150,ภูเวียง,Phu Wiang,40150,9150
400,010330,แวงใหญ่,Waeng Yai,40330,10330
400,011220,สีชมพู,Si Chomphu,40220,11220
400,012210,หนองเรือ,Nong Ruea,40210,12210
400,013190,หนองสองห้อง,Nong Song Hong,40190,13190
400,014250,อุบลรัตน์,Ubolratana,40250,14250
400,111,โนนศิลา,Non Sila,40110,111
400,112,บ้านแฮด,Ban Haet,40110,112
400,140,น้ำพอง,Nam Phong,40140,140
400,151,หนองนาคำ,Nong Na Kham,40150,151
400,160,โคกโพธิ์ไชย,Khok Pho Chai,40160,160
400,161,มัญจาคีรี,Mancha Khiri,40160,161
400,171,ซำสูง,Sam Sung,0170,171
400,230,แวงน้อย,Waeng Noi,40230,230
400,340,เปือยน้อย,Pueai Noi,40340,340
400,350,ภูผาม่าน,Phu Pha Man,40350,350
400,4029,เวียงเก่า,Wiang Kao,NULL,4029
400,4068,ท้องถิ่นเทศบาลตำบลบ้านเป็ด*,Ban Pet,NULL,4068
400,4098,เทศบาลตำบลเมืองพล*,Phon,40120,4098
410,000,เมืองอุดรธานี,Mueang Udon Thani,41000,0
410,002110,กุมภวาปี,Kumphawapi,41110,2110
410,003290,ไชยวาน,Chai Wan,41290,3290
410,004210,น้ำโสม,Nam Som,41210,4210
410,005240,โนนสะอาด,Non  Sa-at,41240,5240
410,006150,เพ็ญ,Phen,41150,6150
410,007220,หนองวัวซอ,Nong  Wua  So,41220,7220
410,008130,หนองหาน,Nong  Han,41130,8130
410,111,ประจักษ์ศิลปาคม,Prachak Sinlapakhom,41110,111
410,131,กู่แก้ว,Ku Kaeo,41130,131
410,132,พิบูลรักษ์,Phibun Rak,41130,132
410,140,*โนนสัง,Non Sang,NULL,140
410,160,บ้านผือ,Ban Phue,41160,160
410,170,*นากลาง,Na  Klang,NULL,170
410,180,*ศรีบุญเรือง,Si Bun Rueang,NULL,180
410,190,บ้านดุง,Ban Dung,41190,190
410,230,ศรีธาตุ,Si That,41230,230
410,250,กุดจับ,Kut Chap,41250,250
410,260,สร้างคอม,Sang Khom,41260,260
410,270,*สุวรรณคูหา,Suwannakhuha,NULL,270
410,280,วังสามหมอ,Wang Sam mo,41280,280
410,310,ทุ่งฝน,Thung Fon,41310,310
410,340,หนองแสง,Nong  Saeng,41340,340
410,380,นายูง,Na Yung,41380,380
410,4112,*หนองบัวลำภู,Nong Bua Lam Phu,NULL,4112
420,000,เมืองเลย,Mueang Loei,42000,0
420,001150,ปากชม,Pak Chom,42150,1150
420,002180,ภูกระดึง,Phu Kradueng,42180,2180
420,004130,วังสะพุง,Wang Saphung,42130,4130
420,110,เชียงคาน,Chiang Khan,42110,110
420,120,ด่านซ้าย,Dan Sai,42120,120
420,140,ท่าลี่,Tha Li,42140,140
420,160,ภูเรือ,Phu Ruea,42160,160
420,170,นาแห้ว,Na Haeo,42170,170
420,190,หนองหิน,Nong  Hin,42190,190
420,210,นาด้วง,Na Duang,42210,210
420,220,เอราวัณ,Erawan,42220,220
420,230,ภูหลวง,Phu Luang,42230,230
420,240,ผาขาว,Pha Khao,42240,240
430,000,เมืองหนองคาย,Mueang Nong Khai,43000,0
430,002150,เซกา,Seka,43150,2150
430,003170,โซ่พิสัย,So Phisai,43170,3170
430,004110,ท่าบ่อ,Tha Bo,43110,4110
430,005140,บึงกาฬ,Bueng Kan,43140,5140
430,008220,บึงโขงหลง,Bung Khong Long,43220,8220
430,009190,ปากคาด,Pak Khat,43190,9190
430,010180,พรเจริญ,Phon Charoen,43180,10180
430,011120,โพนพิสัย,Phon Phisai,43120,11120
430,012121,รัตนวาปี,Rattanawapi,43120,12121
430,013130,ศรีเชียงใหม่,Si Chiang Mai,43130,13130
430,014160,สังคม,Sangkhom,43160,14160
430,100,สระใคร,Sakhrai,43100,100
430,122,เฝ้าไร่,Fao Rai,43120,122
430,131,โพธิ์ตาก,Pho Tak,43130,131
430,141,บุ่งคล้า,Bung  Khla,43140,141
430,210,ศรีวิไล,Si Wilai,43210,210
440,000,เมืองมหาสารคาม,Mueang Maha Sarakham,44000,0
440,001150,กันทรวิชัย,Kantharawichai,44150,1150
440,002190,แกดำ,Kae Dam,44190,2190
440,003140,โกสุมพิสัย,Kosum Phisai,44140,3140
440,005160,เชียงยืน,Chiang Yuen,44160,5160
440,006170,นาเชือก,Na Chueak,44170,6170
440,007,นาดูน,Na Dun,44180,7
440,008130,บรบือ,Borabue,44130,8130
440,009110,พยัคฆภูมิพิสัย,Phayakkhaphum Phisai,44110,9110
440,120,วาปีปทุม,Wapi Pathum,44120,120
440,131,กุดรัง,Kut Rang,44130,131
440,161,ชื่นชม,Chuen Chom,44160,161
440,210,ยางสีสุราช,Yang Sisurat,44210,210
440,4481,*หลุบ,Lup,NULL,4481
450,000,เมืองร้อยเอ็ด,Mueang Roi Et,45000,0
450,001,ศรีสมเด็จ,Si  Somdet,45000,1
450,005150,เกษตรวิสัย,Kaset Wisai,45150,5150
450,006180,จตุรพักตรพิมาน,Chaturaphak Phiman,45180,6180
450,007170,ธวัชบุรี,Thawat Buri,45170,7170
450,008190,ปทุมรัตต์,Pathum Rat,45190,8190
450,009140,พนมไพร,Phanom Phrai,45140,9140
450,010110,โพนทอง,Phon Thong,45110,10110
450,011220,เมืองสรวง,Mueang Suang,45220,11220
450,012130,สุวรรณภูมิ,Suwannaphum,45130,12130
450,013120,เสลภูมิ,Selaphum,45120,13120
450,014210,หนองพอก,Nong Phok,45210,14210
450,015160,อาจสามารถ,At Samat,45160,15160
450,141,หนองฮี,Nong Hi,45140,141
450,171,ทุ่งเขาหลวง,Thung Khao Luang,45170,171
450,230,โพธิ์ชัย,Pho Chai,45230,230
450,240,โพนทราย,Phon  Sai,45240,240
450,250,เมยวดี,Moei Wadi,45250,250
450,260,เชียงขวัญ,Chiang Khwan,45000,260
450,4517,จังหาร,Changhan,45000,4517
460,000,เมืองกาฬสินธุ์,Mueang Kalasin,46000,0
460,001130,กมลาไสย,Kamalasai,46130,1130
460,002110,กุฉินารายณ์,กุฉินารายณ์,46110,2110
460,003160,เขาวง,Khao Wong,46160,3160
460,004180,คำม่วง,Kham Muang,46180,4180
460,005150,สมเด็จ,Somdet,46150,5150
460,006170,ห้วยเม็ก,Huai Mek,46170,6170
460,120,ยางตลาด,Yang Talat,46120,120
460,131,ฆ้องชัย,Khong Chai,46130,131
460,140,สหัสขันธ์,Sahatsakhan,46140,140
460,161,นาคู,Na khu,46160,161
460,181,สามชัย,Sam Chai,46180,181
460,190,ท่าคันโท,Tha Khantho,46190,190
460,210,ร่องคำ,Rong Kham,46210,210
460,220,หนองกุงศรี,Nong Kung Si,46220,220
460,230,นามน,Na Mon,46230,230
460,240,ห้วยผึ้ง,Huai Phueng,46240,240
460,4617,ดอนจาน,Don Chan,46000,4617
460,6171,NULL,NULL,NULL,NULL
470,000,เมืองสกลนคร,Mueang Sakon Nakhon,47000,0
470,001250,คำตากล้า,Kham Ta Kla,47250,1250
470,002140,บ้านม่วง,Ban Muang,47140,2140
470,003130,พรรณานิคม,Phanna Nikhom,47130,3130
470,004160,พังโคน,Phang Khon,47160,4160
470,005120,วานรนิวาส,Wanon Niwat,47120,5120
470,006150,วาริชภูมิ,Waritchaphum,47150,6150
470,007170,อากาศอำนวย,Akat Amnuai,47170,7170
470,110,สว่างแดนดิน,Sawang Daen Din,47110,110
470,180,กุดบาก,Kut Bak,47180,180
470,181,ภูพาน,Phu Phan,47180,181
470,190,ส่องดาว,Song Dao,47190,190
470,210,กุสุมาลย์,Kusuman,47210,210
470,230,โพนนาแก้ว,Phon Na Kaeo,47230,230
470,260,เต่างอย,Tao Ngoi,47260,260
470,270,นิคมน้ำอูน,Nikhom Nam Un,47270,270
470,280,โคกศรีสุพรรณ,Khok Si Suphan,47280,280
470,290,เจริญศิลป์,Charoen Sin,47290,290
470,4751,วานรนิวาส (สาขาตำบลกุดเรือคำ)*,Wanon Niwat,NULL,4751
470,4781,*บ้านหัน,Ban Han,NULL,4781
480,000,เมืองนครพนม,Mueang Nakhon Phanom,48000,0
480,001120,ท่าอุเทน,Tha Uthen,48120,1120
480,002110,ธาตุพนม,That Phanom,48110,2110
480,003130,นาแก,Na Kae,48130,3130
480,004180,นาหว้า,Na  Wa,48180,4180
480,005190,โพนสวรรค์,Phon Sawan,48190,5190
480,131,วังยาง,Wang  Yang,48130,131
480,140,บ้านแพง,Ban Phaeng,48140,140
480,150,ศรีสงคราม,Si Songkhram,48150,150
480,160,ปลาปาก,Pla Pak,48160,160
480,170,เรณูนคร,Renu Nakhon,48170,170
480,X15,นาทม,Na Thom,48140,999
490,000,เมืองมุกดาหาร,Mueang Mukdahan,49000,0
490,006140,ดงหลวง,Dong Luang,49140,6140
490,110,คำชะอี,Khamcha-i,49110,110
490,120,ดอนตาล,Don Tan,49120,120
490,130,นิคมคำสร้อย,Kikhom Kham Soi,49130,130
490,150,หว้านใหญ่,Wan Yai,49150,150
490,160,หนองสูง,Nong Sung,49160,160
500,000,เมืองเชียงใหม่,Mueang Chiang Mai,50000,0
500,003170,เชียงดาว,Chiang Dao,50170,3170
500,004320,ไชยปราการ,Chai Prakan,50320,4320
500,005110,ฝาง,Fang,50110,5110
500,006190,พร้าว,Phrao,50190,6190
500,007180,แม่ริม,Mae Rim,50180,7180
500,008280,แม่อาย,Mae Ai,50280,8280
500,009130,สันกำแพง,San Kamphaeng,50130,9130
500,010210,สันทราย,San Sai,50210,10210
500,011120,สันป่าตอง,San Pa Tong,50120,11120
500,012140,สารภี,Saraphi,50140,12140
500,131,แม่ออน,Mae On,50130,131
500,150,แม่แตง,Mae Taeng,50150,150
500,160,จอมทอง,Chom Thong,50160,160
500,161,ดอยหล่อ,Doi Lo,50160,161
500,220,ดอยสะเก็ด,Doi Saket,50220,220
500,230,หางดง,Hang Dong,50230,230
500,240,ฮอด,Hot,50240,240
500,250,สะเมิง,Samoeng,50250,250
500,260,ดอยเต่า,Doi Tao,50260,260
500,270,แม่แจ่ม,Mae Chaem,50270,270
500,310,อมก๋อย,Omkoi,50310,310
500,350,เวียงแหง,Wiang Haeng,50350,350
500,360,แม่วาง,Mae Wang,50360,360
500,5051,เทศบาลนครเชียงใหม่ (สาขาแขวงกาลวิละ*,NULL,NULL,5051
500,5052,เทศบาลนครเชียงใหม่ (สาขาแขวงศรีวิชั*,NULL,NULL,5052
500,5053,เทศบาลนครเชียงใหม่ (สาขาเม็งราย*,NULL,NULL,5053
510,000,เมืองลำพูน,Mueang Lamphun,51000,0
510,001140,แม่ทา,Mae Tha,51140,1140
510,002110,ลี้,Li,51110,2110
510,120,ป่าซาง,Pa  Sang,51120,120
510,121,เวียงหนองล่อง,Wiang Nong Long,51120,121
510,130,บ้านโฮ่ง,Ban Hong,51130,130
510,160,ทุ่งหัวช้าง,Thung Hua Chang,51160,160
510,180,บ้านธิ,Ban Thi,51180,180
520,000,เมืองลำปาง,Mueang Lampang,52000,0
520,001130,เกาะคา,Ko Kha,52130,1130
520,002110,งาว,Ngao,52110,2110
520,003120,แจ้ห่ม,Chae Hom,52120,3120
520,004150,แม่ทะ,Mae  Tha,52150,4150
520,005220,แม่เมาะ,Mae Mo,52220,5220
520,006180,แม่พริก,Mae  Phrik,52180,6180
520,140,วังเหนือ,Wang  Nuea,52140,140
520,160,เถิน,Thoen,52160,160
520,170,สบปราบ,Sop Prap,52170,170
520,190,ห้างฉัตร,Hang Chat,52190,190
520,210,เสริมงาม,Soem Ngam,52210,210
520,240,เมืองปาน,Mueang Pan,52240,240
530,000,เมืองอุตรดิตถ์,Mueang Uttaradit,53000,0
530,001140,ตรอน,Tron,53140,1140
530,002150,ท่าปลา,Tha Pla,53150,2150
530,003120,พิชัย,Phichai,53120,3120
530,004160,ฟากท่า,Fak Tha,53160,4160
530,005130,ลับแล,Laplae,53130,5130
530,110,น้ำปาด,Nam Pat,53110,110
530,180,บ้านโคก,Ban  Khok,53180,180
530,230,ทองแสนขัน,Thong Saen Khan,53230,230
540,000,เมืองแพร่,Mueang Phrae,54000,0
540,001140,ร้องกวาง,Rong Kwang,54140,1140
540,002150,ลอง,Long,54150,2150
540,004130,สูงเม่น,Sung Men,54130,4130
540,110,เด่นชัย,Den Chai,54110,110
540,120,สอง,Song,54120,120
540,160,วังชิ้น,Wang Chin,54160,160
540,170,หนองม่วงไข่,Nong Muang Khai,54170,170
550,000,เมืองน่าน,Mueang Nan,55000,0
550,001,ภูเพียง,Phu Phiang,55000,1
550,005140,ท่าวังผา,Tha Wang Pha,55140,5140
550,006150,นาน้อย,Na Noi,55150,6150
550,110,เวียงสา,Wiang Sa,55110,110
550,120,ปัว,Pua,55120,120
550,130,ทุ่งช้าง,Thung Chang,55130,130
550,131,เฉลิมพระเกียรติ,Chaloem Phra Kiat,55130,131
550,160,เชียงกลาง,Chiang Klang,55160,160
550,161,สองแคว,Song Khwae,55160,161
550,170,แม่จริม,Mae Charim,55170,170
550,180,นาหมื่น,Na Muen,55180,180
550,190,บ้านหลวง,Ban  Luang,55190,190
550,211,สันติสุข,Santi Suk,55210,211
550,220,บ่อเกลือ,Bo Kluea,55220,220
550,6151,กิ่งอำเภอภูเพียง,NULL,NULL,NULL
560,000,เมืองพะเยา,Mueang Phayao,56000,0
560,002150,จุน,Chun,56150,2150
560,003110,เชียงคำ,Chiang Kham,56110,3110
560,005160,เชียงม่วน,Chiang Muan,56160,5160
560,006120,ดอกคำใต้,Dok Khamtai,56120,6120
560,007130,แม่ใจ,Mae Chai,56130,7130
560,111,ภูซาง,Phu  Sang,56110,111
560,140,ปง,Pong,56140,140
560,5609,ภูกามยาว,Phu Kamyao,56000,5609
560,7131,จำป่าหวาย,Jumpawai,NULL,NULL
570,000,เมืองเชียงราย,Mueang Chiang Rai,57000,0
570,001140,เชียงของ,Chiang Khong,57140,1140
570,002150,เชียงแสน,Chiang Saen,57150,2150
570,003160,เทิง,Thoeng,57160,3160
570,004190,ป่าแดด,Pa Daet,57190,4190
570,005290,พญาเม็งราย,Phaya Mengrai,57290,5290
570,006120,พาน,Phan,57120,6120
570,007110,แม่จัน,Mae Chan,57110,7110
570,008180,แม่สรวย,Mae Suai,57180,8180
570,009130,แม่สาย,Mae Sai,57130,9130
570,010310,เวียงแก่น,Wiang Kaen,57310,10310
570,011210,เวียงชัย,Wiang Chai,57210,11210
570,111,แม่ฟ้าหลวง,Mae Fa Luang,57110,111
570,112,ดอยหลวง,Doi Luang,57110,112
570,170,เวียงป่าเป้า,Wiang Pa Pao,57170,170
570,211,เวียงเชียงรุ้ง,Wiang Chiang Rung,57210,211
570,250,แม่ลาว,Mae Lao,57250,250
570,340,ขุนตาล,Khun Tan,57340,340
580,000,เมืองแม่ฮ่องสอน,Mueang Mae Hong Son,58000,0
580,001140,ขุนยวม,Khun Yuam,58140,1140
580,002130,ปาย,Pai,58130,2130
580,003110,แม่สะเรียง,Mae Sariang,58110,3110
580,111,สบเมย,Sop Moei,58110,111
580,120,แม่ลาน้อย,Mae La Noi,58120,120
580,150,ปางมะผ้า,Pang Mapha,58150,150
580,5881,*ม่วยต่อ,NULL,NULL,5881
600,000,เมืองนครสวรรค์,Mueang Nakhon Sawan,60000,0
600,001230,เก้าเลี้ยว,Kao Liao,60230,1230
600,002120,ชุมแสง,Chum  Saeng,60120,2120
600,003140,ตาคลี,Takhli,60140,3140
600,004160,ท่าตะโก,Tha Tako,60160,4160
600,005180,บรรพตพิสัย,Banphot Phisai,60180,5180
600,006130,พยุหะคีรี,Phayuha Khiri,60130,6130
600,007220,ไพศาลี,Phaisali,60220,7220
600,110,หนองบัว,Nong  Bua,60110,110
600,150,ลาดยาว,LADYAO,60150,150
600,151,แม่วงก์,Mae Wong,60150,151
600,152,แม่เปิน,Mae Poen,60150,152
600,153,ชุมตาบง,Chum Ta Bong,60150,153
600,170,โกรกพระ,Krok Phra,60170,170
600,190,ตากฟ้า,Tak   Fa,60190,190
600,6051,สาขาตำบลห้วยน้ำหอม*,Huai Nam Hom,NULL,6051
600,6052,กิ่งชุมตาบง (สาขาตำบลชุมตาบง)*,Chum Ta Bong,NULL,6052
600,6053,แม่วงก์ (สาขาตำบลแม่เล่ย์)*,Mae Wong,60150,6053
610,000,เมืองอุทัยธานี,Mueang Uthai Thani,61000,0
610,001120,ทัพทัน,Thap Than,61120,1120
610,002140,บ้านไร่,Ban  Rai,61140,2140
610,003160,ลานสัก,Lan Sak,61160,3160
610,004150,สว่างอารมณ์,Sawang Arom,61150,4150
610,005130,หนองขาหย่าง,Nong Khayang,61130,5130
610,006110,หนองฉาง,Nong Chang,61110,6110
610,170,ห้วยคต,Huai Khot,61170,170
620,000,เมืองกำแพงเพชร,Mueang Kamphaeng Phet,62000,0
620,001130,ขาณุวรลักษบุรี,Khanu Woralaksaburi,62130,1130
620,002120,คลองขลุง,Khlong Khlung,62120,2120
620,003180,คลองลาน,Khlong Lan,62180,3180
620,004121,ปางศิลาทอง,Pang Sila Thong,62120,4121
620,005110,พรานกระต่าย,Phran Kratai,62110,5110
620,150,ไทรงาม,Sai Ngam,62150,150
620,170,ลานกระบือ,Lan Krabue,62170,170
620,190,ทรายทองวัฒนา,Sai Thong Watthana,62190,190
620,210,บึงสามัคคี,Bueng Samakkhi,62210,210
620,6211,โกสัมพีนคร,Kosamphi Nakhon,62000,6211
630,000,เมืองตาก,Mueang Tak,63000,0
630,001110,แม่สอด,Mae Sot,63110,1110
630,002130,สามเงา,Sam Ngao,63130,2130
630,120,บ้านตาก,Ban Tak,63120,120
630,140,แม่ระมาด,Mae Ramat,63140,140
630,150,ท่าสองยาง,Tha Song Yang,63150,150
630,160,พบพระ,Phop Phra,63160,160
630,170,อุ้มผาง,Umphang,63170,170
630,6309,วังเจ้า,Wang Chao,63000,6309
630,6381,*กิ่ง ท่าปุย,NULL,NULL,6381
640,000,เมืองสุโขทัย,Mueang Sukhothai,64000,0
640,001170,กงไกรลาศ,Kong Krailat,64170,1170
640,002150,ทุ่งเสลี่ยม,Thung Saliam,64150,2150
640,003130,ศรีสัชนาลัย,Si Satchanalai,64130,3130
640,004120,ศรีสำโรง,Si Samrong,64120,4120
640,005110,สวรรคโลก,Sawankhalok,64110,5110
640,140,บ้านด่านลานหอย,Ban Dan Lan Hoi,64140,140
640,160,คีรีมาศ,Khiri Mat,64160,160
640,180,ศรีนคร,Srinagarindra,64180,180
650,000,เมืองพิษณุโลก,Mueang Phitsanulok,65000,0
650,001190,เนินมะปราง,Noen Maprang,65190,1190
650,002110,บางกระทุ่ม,Bang Krathum,65110,2110
650,003150,พรหมพิราม,Phrom Phiram,65150,3150
650,004130,วังทอง,Wang  Thong,65130,4130
650,005160,วัดโบสถ์,Wat Bot,65160,5160
650,120,นครไทย,Nakhon Thai,65120,120
650,140,บางระกำ,Bang Rakam,65140,140
650,170,ชาติตระการ,Chat Trakan,65170,170
660,000,เมืองพิจิตร,Mueang Phichit,66000,0
660,001110,ตะพานหิน,Taphan Hin,66110,1110
660,002150,ทับคล้อ,Thap Khlo,66150,2150
660,003120,บางมูลนาก,Bang Mun Nak,66120,3120
660,004130,โพทะเล,Pho Thale,66130,4130
660,005190,โพธิ์ประทับช้าง,Pho Prathap Chang,66190,5190
660,006180,วังทรายพูน,Wang Sai Phun,66180,6180
660,008160,สากเหล็ก,Sak Lek,66160,8160
660,009140,สามง่าม,Sam  Ngam,66140,9140
660,131,บึงนาราง,Bueng Na Rang,66130,131
660,141,วชิระบารมี,Wachirabarami,66140,141
660,210,ดงเจริญ,Dong Charoen,66210,210
660,9141,กิ่งอำเภอสากเหล็ก,NULL,NULL,NULL
670,000,เมืองเพชรบูรณ์,Mueang Phetchabun,67000,0
670,001150,ชนแดน,Chon  Daen,67150,1150
670,002160,บึงสามพัน,Bueng Sam Phan,67160,2160
670,004130,วิเชียรบุรี,Wichian Buri,67130,4130
670,005170,ศรีเทพ,Si Thep,67170,5170
670,006140,หนองไผ่,Nong  Phai,67140,6140
670,007120,หล่มเก่า,Lom Kao,67120,7120
670,008110,หล่มสัก,Lom Sak,67110,8110
670,240,วังโป่ง,Wang Pong,67240,240
670,260,น้ำหนาว,Nam Nao,67260,260
670,270,เขาค้อ,Khao Kho,67270,270
700,000,เมืองราชบุรี,Mueang Ratchaburi,70000,0
700,001150,จอมบึง,Chom Bueng,70150,1150
700,002130,ดำเนินสะดวก,Damnoen Saduak,70130,2130
700,003160,บางแพ,Bang Phae,70160,3160
700,004110,บ้านโป่ง,Ban  Pong,70110,4110
700,005140,ปากท่อ,Pak Tho,70140,5140
700,006120,โพธาราม,Photharam,70120,6120
700,007170,วัดเพลง,Wat Phleng,70170,7170
700,008180,สวนผึ้ง,Suan Phueng,70180,8180
700,181,บ้านคา,Ban Kha,70180,181
700,7074,ท้องถิ่นเทศบาลตำบลบ้านฆ้อง,Ban Khong,NULL,7074
710,000,เมืองกาญจนบุรี,Mueang Kanchanaburi,71000,0
710,001260,ด่านมะขามเตี้ย,Dan Makham Tia,71260,1260
710,002180,ทองผาภูมิ,Thong Pha Phum,71180,2180
710,003110,ท่าม่วง,Tha Muang,71110,3110
710,004120,ท่ามะกา,Tha Maka,71120,4120
710,005150160,ไทรโยค,Sai Yok,71150,5150160
710,006X04,บ่อพลอย,Bo Phloi,71160,999
710,007140,พนมทวน,Phanom Thuan,71140,7140
710,008210,เลาขวัญ,Lao Khwan,71210,8210
710,170,ห้วยกระเจา,Huai Krachao,71170,170
710,220,หนองปรือ,Nong Prue,71220,220
710,240,สังขละบุรี,Sangkhla Buri,71240,240
710,250,ศรีสวัสดิ์,Si Sawat,71250,250
710,7151,สาขาตำบลท่ากระดาน*,Tha  Kradan,NULL,7151
710,7181,*บ้านทวน,NULL,NULL,7181
720,000,เมืองสุพรรณบุรี,Mueang Suphan Buri,72000,0
720,001170,ดอนเจดีย์,Don  Chedi,72170,1170
720,002180,ด่านช้าง,Dan  Chang,72180,2180
720,003004120,เดิมบางนางบวช,Doem Bang Nang Buat,72120,3004120
720,005150,บางปลาม้า,Bang Pla Ma,72150,5150
720,006140,ศรีประจันต์,Si Prachan,72140,6140
720,007110,สองพี่น้อง,Song Phi Nong,72110,7110
720,008130,สามชุก,Sam Chuk,72130,8130
720,009240,หนองหญ้าไซ,Nong Ya Sai,72240,9240
720,011160,อู่ทอง,U Thong,72160,11160
730,000,เมืองนครปฐม,Mueang Nakhon Pathom,73000,0
730,001140,กำแพงแสน,Kamphaeng Saen,73140,1140
730,002150,ดอนตูม,Don Tum,73150,2150
730,004120,นครชัยศรี,Nakhon Chai Si,73120,4120
730,005130,บางเลน,Bang Len,73130,5130
730,006170,พุทธมณฑล,Phutthamonthon,73170,6170
730,007110,สามพราน,Sam Phran,73110,7110
740,000,เมืองสมุทรสาคร,Mueang Samut Sakhon,74000,0
740,008110,กระทุ่มแบน,Krathum Baen,74110,8110
740,009120,บ้านแพ้ว,Ban Phaeo,74120,9120
750,000,เมืองสมุทรสงคราม,Mueang Samut Songkhram,75000,0
750,001120,บางคนที,Bang Khonthi,75120,1120
750,002110,อัมพวา,Amphawa,75110,2110
760,000,เมืองเพชรบุรี,Mueang Phetchaburi,76000,0
760,001140,เขาย้อย,Khao Yoi,76140,1140
760,002120,ชะอำ,Cha-am,76120,2120
760,003130,ท่ายาง,Tha  Yang,76130,3130
760,004150,บ้านลาด,Ban Lat,76150,4150
760,005110,บ้านแหลม,Ban Laem,76110,5110
760,160,หนองหญ้าปล้อง,Nong Ya Plong,76160,160
760,170,แก่งกระจาน,Kaeng Krachan,76170,170
770,000,เมืองประจวบคีรีขันธ์,Mueang Prachuap Khiri Khan,77000,0
770,001150,กุยบุรี,Kui Buri,77150,1150
770,002130,ทับสะแก,Thap Sakae,77130,2130
770,003140,บางสะพาน,Bang Saphan,77140,3140
770,004170,บางสะพานน้อย,Bang Saphan Noi,77140,4170
770,005120,ปราณบุรี,Pran Buri,77120,5120
770,006110,หัวหิน,Hua Hin,77110,6110
770,X07,สามร้อยยอด,Sam Roi Yot,77180,999
800,000,เมืองนครศรีธรรมราช,Mueang Nakhon Si Thammarat,80000,0
800,001210,ขนอม,Khanom,80210,1210
800,003150,ฉวาง,Chawang,80150,3150
800,004191,เฉลิมพระเกียรติ,Chaloem Phra Kiat,80190,4191
800,005180,ชะอวด,Cha-uat,80180,5180
800,006190,เชียรใหญ่,Chian Yai,80190,6190
800,007260,ถ้ำพรรณรา,Tham Phannara,80260,7260
800,008110,ทุ่งสง,Thung Song,80110,8110
800,009160,ท่าศาลา,Tha Sala,80160,9160
800,010220,นาบอน,Na  Bon  ,80220,10220
800,011360,บางขัน,Bang Khan,80360,11360
800,012140,ปากพนัง,Pak Phanang,80140,12140
800,013270,พิปูน,Phipun,80270,13270
800,014130,ร่อนพิบูลย์,Ron Phibun,80130,14130
800,015230,ลานสกา,Lan Saka,80230,15230
800,016120,สิชล,Sichon,80120,16120
800,017170,หัวไทร,Hua Sai,80170,17170
800,019240,ทุ่งใหญ่,Thung Yai,80240,19240
800,131,จุฬาภรณ์,Chulabhorn,80130,131
800,161,นบพิตำ,Nopphitam,80160,161
800,251,ช้างกลาง,Chang Klang ,80250,251
800,320,พรหมคีรี,Phrom Khiri,80320,320
800,8020,พระพรหม,Phra Phrom,80000,8020
800,8051,เชียรใหญ่ (สาขาตำบลเสือหึง)*,Chian Yai,80190,8051
800,8052,สาขาตำบลสวนหลวง**,Suan Luang,NULL,8052
800,8053,ร่อนพิบูลย์ (สาขาตำบลหินตก)*,Ron Phibun,80130,8053
800,8054,หัวไทร (สาขาตำบลควนชะลิก)*,Hua Sai,80170,8054
800,8055,ทุ่งสง (สาขาตำบลกะปาง)*,Thung Song,80110,8055
810,000,เมืองกระบี่,Mueang Krabi,81000,0
810,001121,ลำทับ,Lam Thap,81120,1121
810,002160,ปลายพระยา,Plai Phraya,81160,2160
810,110,อ่าวลึก,Ao Luek,81110,110
810,120,คลองท่อม,Khlong Thom,81120,120
810,130,เหนือคลอง,Nuea Khlong,81130,130
810,140,เขาพนม,Khao Phanom,81140,140
810,150,เกาะลันตา,Ko Lanta,81150,150
820,000,เมืองพังงา,Mueang Phang–nga,82000,0
820,001150,คุระบุรี,Khura Buri,82150,1150
820,002130,ตะกั่วทุ่ง,Takua Thung,82130,2130
820,003110,ตะกั่วป่า,Takua Pa,82110,3110
820,004120,ท้ายเหมือง,Thai Mueang,82120,4120
820,160,เกาะยาว,Ko Yao,82160,160
820,170,กะปง,Kapong,82170,170
820,180,ทับปุด,Thap Put,82180,180
830,000,เมืองภูเก็ต,Mueang Phuket,83000,0
830,001120,กะทู้,Kathu,83120,1120
830,002110,ถลาง,Thalang,83110,2110
830,8381,*ทุ่งคา,Thung  Kha,NULL,8381
840,000,เมืองสุราษฎร์ธานี,Mueang Surat Thani,84000,0
840,001160,กาญจนดิษฐ์,Kanchanadit,84160,1160
840,002140,เกาะสมุย,Ko Samui,84140,2140
840,003210,ชัยบุรี,Chai Buri,84350,3210
840,004220,ดอนสัก,Don Sak,84220,4220
840,005120,บ้านนาสาร,Ban Na San,84120,5120
840,006250,พนม,Phanom,84250,6250
840,007130,พุนพิน,Phunphin,84130,7130
840,110,ไชยา,Chaiya,84110,110
840,150,ท่าฉาง,Tha Chang,84150,150
840,170,ท่าชนะ,Tha Chana,84170,170
840,180,คีรีรัฐนิคม,Khiri Rat Nikhom,84180,180
840,181,วิภาวดี,Vibhavadi,84180,181
840,190,เวียงสระ,Wiang Sa,84190,190
840,211,พระแสง,Phrasaeng,84210,211
840,230,บ้านตาขุน,Ban Ta Khun,84230,230
840,240,บ้านนาเดิม,Ban Na Doem,84240,240
840,260,เคียนซา,Khian Sa,84260,260
840,280,เกาะพะงัน,Ko  Pha–ngan,84280,280
840,8451,เกาะพงัน (สาขาตำบลเกาะเต่า)*,Ko  Pha–ngan,NULL,8451
840,8481,*บ้านดอน,Ban  Don  ,NULL,8481
850,000,เมืองระนอง,Mueang Ranong,85000,0
850,001110,กระบุรี,Kra Buri,85110,1110
850,120,กะเปอร์,Kapoe,85120,120
850,121,สุขสำราญ,Suk  Samran,85120,121
850,130,ละอุ่น,La-un,85130,130
860,000,เมืองชุมพร,Mueang Chumphon,86000,0
860,001140,ท่าแซะ,Tha Sae,86140,1140
860,002220,ทุ่งตะโก,Thung Tako,86220,2220
860,003160,ปะทิว,Pathio,86160,3160
860,004130,สวี,Sawi,86130,4130
860,005110,หลังสวน,Lang Suan,86110,5110
860,170,ละแม,Lamae,86170,170
860,180,พะโต๊ะ,Phato,86180,180
900,000,เมืองสงขลา,Mueang Songkhla,90000,0
900,001230,คลองหอยโข่ง,Khlong  Hoi  Khong,90230,1230
900,002220,ควนเนียง,Khuan Niang,90220,2220
900,003150,เทพา,Thepha,90150,3150
900,004140,ระโนด,Ranot,90140,4140
900,005180,รัตภูมิ,Rattaphum,90180,5180
900,006190,สทิงพระ,Sathing Phra,90190,6190
900,007120,สะเดา,Sadao,90120,7120
900,008210,สะบ้าย้อย,Saba Yoi,90210,8210
900,009280,สิงหนคร,Singhanakhon,90280,9280
900,010110,หาดใหญ่,Hat Yai,90110,10110
900,111,บางกล่ำ,Bang Klam,90110,111
900,130,จะนะ,Chana,90130,130
900,160,นาทวี,Na Thawi,90160,160
900,270,กระแสสินธุ์,Krasae Sin,90270,270
900,310,นาหม่อม,Na Mom,90310,310
900,9077,ท้องถิ่นเทศบาลตำบลสำนักขาม,Kham,NULL,9077
900,9096,เทศบาลตำบลบ้านพรุ*,Ban  Phru,NULL,9096
910,000,เมืองสตูล,Mueang Satun,91000,0
910,001120,ทุ่งหว้า,Thung Wa,91120,1120
910,110,ละงู,La-ngu,91110,110
910,130,ควนกาหลง,Khuan Kalong,91130,130
910,131,มะนัง,Manang,91130,131
910,150,ท่าแพ,Tha Phae,91150,150
910,160,ควนโดน,Khuan Don,91160,160
920,000,เมืองตรัง,Mueang Trang,92000,0
920,001110,กันตัง,Kantang,92110,1110
920,004120,ปะเหลียน,Palian,92120,4120
920,005140,ย่านตาขาว,Yan Ta Khao,92140,5140
920,006130,ห้วยยอด,Huai Yot,92130,6130
920,121,หาดสำราญ,Hat Samran,92120,121
920,150,สิเกา,Sikao,92150,150
920,160,รัษฎา,Ratsada,92160,160
920,170กิ,นาโยง,Na Yong,92170,999
920,220,วังวิเศษ,Wang Wiset,92220,220
920,9251,เมืองตรัง(สาขาคลองเต็ง)**,Mueang Trang,NULL,9251
930,000,เมืองพัทลุง,Mueang Phatthalung,93000,0
930,002130,เขาชัยสน,Khao Chaison,93130,2130
930,003110,ควนขนุน,Khuan  Khanun,93110,3110
930,004190,ศรีบรรพต,Si Banphot,93190,4190
930,111,ป่าพะยอม,Pa Phayom,93110,111
930,120,ปากพะยูน,Pak  Phayun,93120,120
930,140,บางแก้ว,Bang  Kaeo,93140,140
930,160,ตะโหมด,Tamot,93160,160
930,170,ป่าบอน,Pa  Bon,93170,170
930,180,กงหรา,Kong Ra,93180,180
930,9311,ศรีนครินทร์,Srinagarindra,93000,9311
940,000,เมืองปัตตานี,Mueang Pattani,94000,0
940,002130,ปะนาเระ,Panare,94130,2130
940,110,สายบุรี,Sai Buri,94110,110
940,120,โคกโพธิ์,Khok  Pho,94120,120
940,140,มายอ,Mayo,94140,140
940,141,ทุ่งยางแดง,Thung Yang Daeng,94140,141
940,150,ยะหริ่ง,Yaring,94150,150
940,160,ยะรัง,Yarang,94160,160
940,170,หนองจิก,Nong Chik,94170,170
940,180,แม่ลาน,Mae Lan,94180,180
940,220,ไม้แก่น,Mai  Kaen,94220,220
940,230,กะพ้อ,Kapho,94230,230
950,000,เมืองยะลา,Mueang Yala,95000,0
950,001110,เบตง,Betong,95110,1110
950,120,ยะหา,Yaha,95120,120
950,121,กาบัง,Kabang,95120,121
950,130,บันนังสตา,Bannang Sata,95130,130
950,140,รามัน,Raman,95140,140
950,150,ธารโต,Than To,95150,150
950,160,กรงปินัง,Krong Pinang,95000,160
960,000,เมืองนราธิวาส,Mueang Narathiwat,96000,0
960,001130,ระแงะ,Ra-ngae,96130,1130
960,002150,รือเสาะ,Rueso,96150,2150
960,003120,สุไหงโก-ลก,Su-ngai Kolok,96120,3120
960,110,ตากใบ,Tak Bai,96110,110
960,131,เจาะไอร้อง,Cho-airong,96130,131
960,140,สุไหงปาดี,Su-ngai Padi,96140,140
960,160,แว้ง,Waeng,96160,160
960,170,บาเจาะ,Bacho,96170,170
960,180,ยี่งอ,Yi-ngo,96180,180
960,190,สุคิริน,Sukhirin,96190,190
960,210,ศรีสาคร,Si Sakhon,96210,210
960,220,จะแนะ,Chanae,96220,220
960,9681,*บางนรา,NULL,NULL,9681
961,009190,ปากคาด,Pak Khat,43190,9190
961,1,เซกา,Seka,43150,NULL
Z01,001,DHAKA-1000,DHAKA-1000,NULL,1
Z04,001,W2 3TP,W2 3TP,NULL,1
Z05,001,HAPPY VALLEY,HAPPY VALLEY,NULL,1
Z05,002,KLOOWN,KLOOWN,NULL,2
Z05,003,KOWLOON,KOWLOON,NULL,3
Z05,004,TAI PO,TAI PO,NULL,4
Z06,001,DUBLIN,DUBLIN,NULL,1
Z07,001,CHIBA-KEN,CHIBA-KEN,NULL,1
Z07,002,KAWASAKI-CITY,KAWASAKI-CITY,NULL,2
Z07,003,TOKYO,TOKYO,NULL,3
Z08,001,ROYAL CHATO,ROYAL CHATO,NULL,1
Z09,001,SARAWAK,SARAWAK,NULL,1
Z12,001,WEST BRIDGFORD,WEST BRIDGFORD,NULL,1
Z13,001,GUANGDONG,GUANGDONG,NULL,1
